-- phpMyAdmin SQL Dump
-- version 5.0.1
-- https://www.phpmyadmin.net/
--
-- Host: 127.0.0.1
-- Waktu pembuatan: 06 Apr 2020 pada 05.03
-- Versi server: 10.4.11-MariaDB
-- Versi PHP: 7.3.15

SET SQL_MODE = "NO_AUTO_VALUE_ON_ZERO";
SET AUTOCOMMIT = 0;
START TRANSACTION;
SET time_zone = "+00:00";


/*!40101 SET @OLD_CHARACTER_SET_CLIENT=@@CHARACTER_SET_CLIENT */;
/*!40101 SET @OLD_CHARACTER_SET_RESULTS=@@CHARACTER_SET_RESULTS */;
/*!40101 SET @OLD_COLLATION_CONNECTION=@@COLLATION_CONNECTION */;
/*!40101 SET NAMES utf8mb4 */;

--
-- Database: `candahar_blog`
--

-- --------------------------------------------------------

--
-- Struktur dari tabel `category`
--

CREATE TABLE `category` (
  `id` bigint(20) UNSIGNED NOT NULL,
  `name` varchar(255) COLLATE utf8mb4_unicode_ci NOT NULL,
  `slug` varchar(255) COLLATE utf8mb4_unicode_ci NOT NULL,
  `created_at` timestamp NULL DEFAULT NULL,
  `updated_at` timestamp NULL DEFAULT NULL
) ENGINE=InnoDB DEFAULT CHARSET=utf8mb4 COLLATE=utf8mb4_unicode_ci;

--
-- Dumping data untuk tabel `category`
--

INSERT INTO `category` (`id`, `name`, `slug`, `created_at`, `updated_at`) VALUES
(1, 'kuliner', 'kuliner', '2020-04-02 00:43:26', '2020-04-02 00:43:26'),
(2, 'game', 'game', '2020-04-02 00:43:29', '2020-04-02 00:43:29'),
(3, 'teknologi (updated)', 'teknologi-updated', '2020-04-02 00:43:32', '2020-04-02 01:03:50');

-- --------------------------------------------------------

--
-- Struktur dari tabel `failed_jobs`
--

CREATE TABLE `failed_jobs` (
  `id` bigint(20) UNSIGNED NOT NULL,
  `connection` text COLLATE utf8mb4_unicode_ci NOT NULL,
  `queue` text COLLATE utf8mb4_unicode_ci NOT NULL,
  `payload` longtext COLLATE utf8mb4_unicode_ci NOT NULL,
  `exception` longtext COLLATE utf8mb4_unicode_ci NOT NULL,
  `failed_at` timestamp NOT NULL DEFAULT current_timestamp()
) ENGINE=InnoDB DEFAULT CHARSET=utf8mb4 COLLATE=utf8mb4_unicode_ci;

-- --------------------------------------------------------

--
-- Struktur dari tabel `migrations`
--

CREATE TABLE `migrations` (
  `id` int(10) UNSIGNED NOT NULL,
  `migration` varchar(255) COLLATE utf8mb4_unicode_ci NOT NULL,
  `batch` int(11) NOT NULL
) ENGINE=InnoDB DEFAULT CHARSET=utf8mb4 COLLATE=utf8mb4_unicode_ci;

--
-- Dumping data untuk tabel `migrations`
--

INSERT INTO `migrations` (`id`, `migration`, `batch`) VALUES
(1, '2014_10_12_000000_create_users_table', 1),
(2, '2014_10_12_100000_create_password_resets_table', 1),
(3, '2019_08_19_000000_create_failed_jobs_table', 1),
(4, '2020_03_27_070642_create_category_table', 1),
(5, '2020_03_29_231351_create_tags_table', 1),
(6, '2020_03_30_002544_create_posts_table', 1),
(7, '2020_03_30_032958_create_post_tag_table', 1),
(8, '2020_03_31_235322_add_softdelete_post', 1),
(9, '2020_04_02_014659_add_type_user', 1);

-- --------------------------------------------------------

--
-- Struktur dari tabel `password_resets`
--

CREATE TABLE `password_resets` (
  `email` varchar(255) COLLATE utf8mb4_unicode_ci NOT NULL,
  `token` varchar(255) COLLATE utf8mb4_unicode_ci NOT NULL,
  `created_at` timestamp NULL DEFAULT NULL
) ENGINE=InnoDB DEFAULT CHARSET=utf8mb4 COLLATE=utf8mb4_unicode_ci;

-- --------------------------------------------------------

--
-- Struktur dari tabel `posts`
--

CREATE TABLE `posts` (
  `id` int(10) UNSIGNED NOT NULL,
  `category_id` int(11) NOT NULL,
  `judul` varchar(255) COLLATE utf8mb4_unicode_ci NOT NULL,
  `slug` varchar(255) COLLATE utf8mb4_unicode_ci NOT NULL,
  `content` text COLLATE utf8mb4_unicode_ci NOT NULL,
  `image` varchar(255) COLLATE utf8mb4_unicode_ci NOT NULL,
  `user_id` bigint(20) UNSIGNED NOT NULL,
  `created_at` timestamp NULL DEFAULT NULL,
  `updated_at` timestamp NULL DEFAULT NULL,
  `deleted_at` timestamp NULL DEFAULT NULL
) ENGINE=InnoDB DEFAULT CHARSET=utf8mb4 COLLATE=utf8mb4_unicode_ci;

--
-- Dumping data untuk tabel `posts`
--

INSERT INTO `posts` (`id`, `category_id`, `judul`, `slug`, `content`, `image`, `user_id`, `created_at`, `updated_at`, `deleted_at`) VALUES
(1, 1, 'post candahar', 'post-candahar', 'Lorem Ipsum adalah contoh teks atau dummy dalam industri percetakan dan penataan huruf atau typesetting. Lorem Ipsum telah menjadi standar contoh teks sejak tahun 1500an, saat seorang tukang cetak yang tidak dikenal mengambil sebuah kumpulan teks dan mengacaknya untuk menjadi sebuah buku contoh huruf. Ia tidak hanya bertahan selama 5 abad, tapi juga telah beralih ke penataan huruf elektronik, tanpa ada perubahan apapun. Ia mulai dipopulerkan pada tahun 1960 dengan diluncurkannya lembaran-lembaran Letraset yang menggunakan kalimat-kalimat dari Lorem Ipsum, dan seiring munculnya perangkat lunak Desktop Publishing seperti Aldus PageMaker juga memiliki versi Lorem Ipsum.', 'public/upload/post/15861398206.jpg', 1, '2020-04-02 00:52:55', '2020-04-05 19:23:40', NULL),
(2, 3, 'ini adalah judul', 'ini-adalah-judul', 'Sudah merupakan fakta bahwa seorang pembaca akan terpengaruh oleh isi tulisan dari sebuah halaman saat ia melihat tata letaknya. Maksud penggunaan Lorem Ipsum adalah karena ia kurang lebih memiliki penyebaran huruf yang normal, ketimbang menggunakan kalimat seperti \"Bagian isi disini, bagian isi disini\", sehingga ia seolah menjadi naskah Inggris yang bisa dibaca. Banyak paket Desktop Publishing dan editor situs web yang kini menggunakan Lorem Ipsum sebagai contoh teks. Karenanya pencarian terhadap kalimat \"Lorem Ipsum\" akan berujung pada banyak situs web yang masih dalam tahap pengembangan. Berbagai versi juga telah berubah dari tahun ke tahun, kadang karena tidak sengaja, kadang karena disengaja (misalnya karena dimasukkan unsur humor atau semacamnya)', 'public/upload/post/15861398008.jpg', 1, '2020-04-02 00:53:49', '2020-04-05 19:23:20', NULL),
(3, 3, 'post ketiga (updated)', 'post-ketiga-updated', 'Tidak seperti anggapan banyak orang, Lorem Ipsum bukanlah teks-teks yang diacak. Ia berakar dari sebuah naskah sastra latin klasik dari era 45 sebelum masehi, hingga bisa dipastikan usianya telah mencapai lebih dari 2000 tahun. Richard McClintock, seorang professor Bahasa Latin dari Hampden-Sidney College di Virginia, mencoba mencari makna salah satu kata latin yang dianggap paling tidak jelas, yakni consectetur, yang diambil dari salah satu bagian Lorem Ipsum. Setelah ia mencari maknanya di di literatur klasik, ia mendapatkan sebuah sumber yang tidak bisa diragukan. Lorem Ipsum berasal dari bagian 1.10.32 dan 1.10.33 dari naskah \"de Finibus Bonorum et Malorum\" (Sisi Ekstrim dari Kebaikan dan Kejahatan) karya Cicero, yang ditulis pada tahun 45 sebelum masehi. BUku ini adalah risalah dari teori etika yang sangat terkenal pada masa Renaissance. Baris pertama dari Lorem Ipsum, \"Lorem ipsum dolor sit amet..\", berasal dari sebuah baris di bagian 1.10.32.', 'public/upload/post/15861397862.jpg', 1, '2020-04-02 00:56:09', '2020-04-05 19:23:06', NULL);

-- --------------------------------------------------------

--
-- Struktur dari tabel `post_tag`
--

CREATE TABLE `post_tag` (
  `id` bigint(20) UNSIGNED NOT NULL,
  `post_id` int(11) NOT NULL,
  `tag_id` int(11) NOT NULL,
  `created_at` timestamp NULL DEFAULT NULL,
  `updated_at` timestamp NULL DEFAULT NULL
) ENGINE=InnoDB DEFAULT CHARSET=utf8mb4 COLLATE=utf8mb4_unicode_ci;

--
-- Dumping data untuk tabel `post_tag`
--

INSERT INTO `post_tag` (`id`, `post_id`, `tag_id`, `created_at`, `updated_at`) VALUES
(1, 1, 3, NULL, NULL),
(2, 2, 2, NULL, NULL),
(5, 2, 1, NULL, NULL),
(6, 2, 3, NULL, NULL),
(7, 2, 4, NULL, NULL),
(8, 3, 3, NULL, NULL);

-- --------------------------------------------------------

--
-- Struktur dari tabel `tags`
--

CREATE TABLE `tags` (
  `id` bigint(20) UNSIGNED NOT NULL,
  `name` varchar(255) COLLATE utf8mb4_unicode_ci NOT NULL,
  `slug` varchar(255) COLLATE utf8mb4_unicode_ci NOT NULL,
  `created_at` timestamp NULL DEFAULT NULL,
  `updated_at` timestamp NULL DEFAULT NULL
) ENGINE=InnoDB DEFAULT CHARSET=utf8mb4 COLLATE=utf8mb4_unicode_ci;

--
-- Dumping data untuk tabel `tags`
--

INSERT INTO `tags` (`id`, `name`, `slug`, `created_at`, `updated_at`) VALUES
(1, 'test', 'test', '2020-04-02 00:43:44', '2020-04-02 00:43:44'),
(2, 'gta 5', 'gta-5', '2020-04-02 00:43:50', '2020-04-02 00:43:50'),
(3, 'dahar mang', 'dahar-mang', '2020-04-02 00:43:52', '2020-04-02 01:04:09'),
(4, 'pendidikan', 'pendidikan', '2020-04-02 00:43:59', '2020-04-02 00:43:59');

-- --------------------------------------------------------

--
-- Struktur dari tabel `users`
--

CREATE TABLE `users` (
  `id` bigint(20) UNSIGNED NOT NULL,
  `name` varchar(255) COLLATE utf8mb4_unicode_ci NOT NULL,
  `email` varchar(255) COLLATE utf8mb4_unicode_ci NOT NULL,
  `email_verified_at` timestamp NULL DEFAULT NULL,
  `password` varchar(255) COLLATE utf8mb4_unicode_ci NOT NULL,
  `remember_token` varchar(100) COLLATE utf8mb4_unicode_ci DEFAULT NULL,
  `created_at` timestamp NULL DEFAULT NULL,
  `updated_at` timestamp NULL DEFAULT NULL,
  `type_user` tinyint(1) NOT NULL DEFAULT 0
) ENGINE=InnoDB DEFAULT CHARSET=utf8mb4 COLLATE=utf8mb4_unicode_ci;

--
-- Dumping data untuk tabel `users`
--

INSERT INTO `users` (`id`, `name`, `email`, `email_verified_at`, `password`, `remember_token`, `created_at`, `updated_at`, `type_user`) VALUES
(1, 'ilham', 'ilhamtaufikp@gmail.com', NULL, '$2y$10$BOYbLt4s8yjRcf9bJtJZQ.aelhcpXpRG84XnsWuBnMjF4oLekInPG', NULL, '2020-04-02 00:43:14', '2020-04-02 00:43:14', 1),
(2, 'dummy', 'dummy@tpm.com', NULL, '$2y$10$tC681HKs7LtXjUKnAK7VXuEV4MUHNGqU.tHo1C6935qi5XJaFODXG', NULL, '2020-04-02 18:22:00', '2020-04-02 18:22:00', 0);

--
-- Indexes for dumped tables
--

--
-- Indeks untuk tabel `category`
--
ALTER TABLE `category`
  ADD PRIMARY KEY (`id`);

--
-- Indeks untuk tabel `failed_jobs`
--
ALTER TABLE `failed_jobs`
  ADD PRIMARY KEY (`id`);

--
-- Indeks untuk tabel `migrations`
--
ALTER TABLE `migrations`
  ADD PRIMARY KEY (`id`);

--
-- Indeks untuk tabel `password_resets`
--
ALTER TABLE `password_resets`
  ADD KEY `password_resets_email_index` (`email`);

--
-- Indeks untuk tabel `posts`
--
ALTER TABLE `posts`
  ADD PRIMARY KEY (`id`),
  ADD KEY `posts_user_id_foreign` (`user_id`);

--
-- Indeks untuk tabel `post_tag`
--
ALTER TABLE `post_tag`
  ADD PRIMARY KEY (`id`);

--
-- Indeks untuk tabel `tags`
--
ALTER TABLE `tags`
  ADD PRIMARY KEY (`id`);

--
-- Indeks untuk tabel `users`
--
ALTER TABLE `users`
  ADD PRIMARY KEY (`id`),
  ADD UNIQUE KEY `users_email_unique` (`email`);

--
-- AUTO_INCREMENT untuk tabel yang dibuang
--

--
-- AUTO_INCREMENT untuk tabel `category`
--
ALTER TABLE `category`
  MODIFY `id` bigint(20) UNSIGNED NOT NULL AUTO_INCREMENT, AUTO_INCREMENT=4;

--
-- AUTO_INCREMENT untuk tabel `failed_jobs`
--
ALTER TABLE `failed_jobs`
  MODIFY `id` bigint(20) UNSIGNED NOT NULL AUTO_INCREMENT;

--
-- AUTO_INCREMENT untuk tabel `migrations`
--
ALTER TABLE `migrations`
  MODIFY `id` int(10) UNSIGNED NOT NULL AUTO_INCREMENT, AUTO_INCREMENT=10;

--
-- AUTO_INCREMENT untuk tabel `posts`
--
ALTER TABLE `posts`
  MODIFY `id` int(10) UNSIGNED NOT NULL AUTO_INCREMENT, AUTO_INCREMENT=4;

--
-- AUTO_INCREMENT untuk tabel `post_tag`
--
ALTER TABLE `post_tag`
  MODIFY `id` bigint(20) UNSIGNED NOT NULL AUTO_INCREMENT, AUTO_INCREMENT=9;

--
-- AUTO_INCREMENT untuk tabel `tags`
--
ALTER TABLE `tags`
  MODIFY `id` bigint(20) UNSIGNED NOT NULL AUTO_INCREMENT, AUTO_INCREMENT=5;

--
-- AUTO_INCREMENT untuk tabel `users`
--
ALTER TABLE `users`
  MODIFY `id` bigint(20) UNSIGNED NOT NULL AUTO_INCREMENT, AUTO_INCREMENT=3;

--
-- Ketidakleluasaan untuk tabel pelimpahan (Dumped Tables)
--

--
-- Ketidakleluasaan untuk tabel `posts`
--
ALTER TABLE `posts`
  ADD CONSTRAINT `posts_user_id_foreign` FOREIGN KEY (`user_id`) REFERENCES `users` (`id`) ON DELETE CASCADE;
COMMIT;

/*!40101 SET CHARACTER_SET_CLIENT=@OLD_CHARACTER_SET_CLIENT */;
/*!40101 SET CHARACTER_SET_RESULTS=@OLD_CHARACTER_SET_RESULTS */;
/*!40101 SET COLLATION_CONNECTION=@OLD_COLLATION_CONNECTION */;
